"model","combo","depth","learning_rate","l2_leaf_reg","cv_score"
"Runs Scored",1,3,0.01,1,3.15487268452218
"Runs Scored",2,4,0.01,1,3.15512662742166
"Runs Scored",3,5,0.01,1,3.1542085119923
"Runs Scored",4,6,0.01,1,3.15441454539065
"Runs Scored",5,7,0.01,1,3.15358887174825
"Runs Scored",6,3,0.02,1,3.15432269344719
"Runs Scored",7,4,0.02,1,3.15462759365142
"Runs Scored",8,5,0.02,1,3.15276950498
"Runs Scored",9,6,0.02,1,3.15402993935487
"Runs Scored",10,7,0.02,1,3.15388005258881
"Runs Scored",11,3,0.03,1,3.15415257555065
"Runs Scored",12,4,0.03,1,3.15467167768562
"Runs Scored",13,5,0.03,1,3.15366416603813
"Runs Scored",14,6,0.03,1,3.15285927849681
"Runs Scored",15,7,0.03,1,3.15429122917708
"Runs Scored",16,3,0.05,1,3.15456453210098
"Runs Scored",17,4,0.05,1,3.15390415686205
"Runs Scored",18,5,0.05,1,3.15471170333365
"Runs Scored",19,6,0.05,1,3.15437487940726
"Runs Scored",20,7,0.05,1,3.1549589771111
"Runs Scored",21,3,0.08,1,3.15441872698372
"Runs Scored",22,4,0.08,1,3.15316294684785
"Runs Scored",23,5,0.08,1,3.1523917897338
"Runs Scored",24,6,0.08,1,3.1556271656012
"Runs Scored",25,7,0.08,1,3.15677693165781
"Runs Scored",26,3,0.01,2,3.1552830975967
"Runs Scored",27,4,0.01,2,3.15469325477119
"Runs Scored",28,5,0.01,2,3.15397137487717
"Runs Scored",29,6,0.01,2,3.15419127432976
"Runs Scored",30,7,0.01,2,3.15400315831155
"Runs Scored",31,3,0.02,2,3.15345177549098
"Runs Scored",32,4,0.02,2,3.15492910622666
"Runs Scored",33,5,0.02,2,3.15369771887136
"Runs Scored",34,6,0.02,2,3.15419017211557
"Runs Scored",35,7,0.02,2,3.15409264617879
"Runs Scored",36,3,0.03,2,3.1539039101455
"Runs Scored",37,4,0.03,2,3.15450453823421
"Runs Scored",38,5,0.03,2,3.15319092890065
"Runs Scored",39,6,0.03,2,3.15433628709586
"Runs Scored",40,7,0.03,2,3.15437517737386
"Runs Scored",41,3,0.05,2,3.15492834367693
"Runs Scored",42,4,0.05,2,3.15536408562109
"Runs Scored",43,5,0.05,2,3.15436259581413
"Runs Scored",44,6,0.05,2,3.15240878502473
"Runs Scored",45,7,0.05,2,3.15255804713657
"Runs Scored",46,3,0.08,2,3.15500729180479
"Runs Scored",47,4,0.08,2,3.15280244590085
"Runs Scored",48,5,0.08,2,3.15204636823808
"Runs Scored",49,6,0.08,2,3.15412825022372
"Runs Scored",50,7,0.08,2,3.15804506924885
"Runs Scored",51,3,0.01,3,3.15496271786069
"Runs Scored",52,4,0.01,3,3.15492245747095
"Runs Scored",53,5,0.01,3,3.15444021006789
"Runs Scored",54,6,0.01,3,3.15453430079438
"Runs Scored",55,7,0.01,3,3.15375808103834
"Runs Scored",56,3,0.02,3,3.15385406301706
"Runs Scored",57,4,0.02,3,3.15538236459769
"Runs Scored",58,5,0.02,3,3.15438738881405
"Runs Scored",59,6,0.02,3,3.1543269601236
"Runs Scored",60,7,0.02,3,3.1554126390059
"Runs Scored",61,3,0.03,3,3.15393946090772
"Runs Scored",62,4,0.03,3,3.15466896664456
"Runs Scored",63,5,0.03,3,3.15427301429947
"Runs Scored",64,6,0.03,3,3.1526112086465
"Runs Scored",65,7,0.03,3,3.15406105312608
"Runs Scored",66,3,0.05,3,3.15483290234302
"Runs Scored",67,4,0.05,3,3.15480215006204
"Runs Scored",68,5,0.05,3,3.15474099336418
"Runs Scored",69,6,0.05,3,3.15366669519005
"Runs Scored",70,7,0.05,3,3.1520495700031
"Runs Scored",71,3,0.08,3,3.15352730171784
"Runs Scored",72,4,0.08,3,3.15459492035144
"Runs Scored",73,5,0.08,3,3.15217945835879
"Runs Scored",74,6,0.08,3,3.152904476819
"Runs Scored",75,7,0.08,3,3.15674503335813
"Runs Scored",76,3,0.01,5,3.15475800682477
"Runs Scored",77,4,0.01,5,3.15423306098689
"Runs Scored",78,5,0.01,5,3.15395826320081
"Runs Scored",79,6,0.01,5,3.15369803782455
"Runs Scored",80,7,0.01,5,3.15437823784862
"Runs Scored",81,3,0.02,5,3.15420693172342
"Runs Scored",82,4,0.02,5,3.15403600512542
"Runs Scored",83,5,0.02,5,3.15353452860743
"Runs Scored",84,6,0.02,5,3.1536638259743
"Runs Scored",85,7,0.02,5,3.15317987039923
"Runs Scored",86,3,0.03,5,3.15356524671657
"Runs Scored",87,4,0.03,5,3.1544208380899
"Runs Scored",88,5,0.03,5,3.15426238515382
"Runs Scored",89,6,0.03,5,3.15237755649288
"Runs Scored",90,7,0.03,5,3.15317033292234
"Runs Scored",91,3,0.05,5,3.15539722557794
"Runs Scored",92,4,0.05,5,3.15523194570475
"Runs Scored",93,5,0.05,5,3.15391220624062
"Runs Scored",94,6,0.05,5,3.15372976144442
"Runs Scored",95,7,0.05,5,3.15496058739408
"Runs Scored",96,3,0.08,5,3.15422023935733
"Runs Scored",97,4,0.08,5,3.15545082920893
"Runs Scored",98,5,0.08,5,3.15099540047553
"Runs Scored",99,6,0.08,5,3.15275547926356
"Runs Scored",100,7,0.08,5,3.15669316245132
"Runs Scored",101,3,0.01,8,3.15463355821149
"Runs Scored",102,4,0.01,8,3.15453542305494
"Runs Scored",103,5,0.01,8,3.15477358538913
"Runs Scored",104,6,0.01,8,3.15402376294001
"Runs Scored",105,7,0.01,8,3.15339957112664
"Runs Scored",106,3,0.02,8,3.15393192549739
"Runs Scored",107,4,0.02,8,3.15497449852191
"Runs Scored",108,5,0.02,8,3.15465222839887
"Runs Scored",109,6,0.02,8,3.15401141427067
"Runs Scored",110,7,0.02,8,3.15473154423968
"Runs Scored",111,3,0.03,8,3.15412063825981
"Runs Scored",112,4,0.03,8,3.15353088585387
"Runs Scored",113,5,0.03,8,3.15518788963359
"Runs Scored",114,6,0.03,8,3.1528174326513
"Runs Scored",115,7,0.03,8,3.15346716616344
"Runs Scored",116,3,0.05,8,3.15384464717803
"Runs Scored",117,4,0.05,8,3.15452953432756
"Runs Scored",118,5,0.05,8,3.15429947426703
"Runs Scored",119,6,0.05,8,3.15497374194908
"Runs Scored",120,7,0.05,8,3.15410415371913
"Runs Scored",121,3,0.08,8,3.15384348585104
"Runs Scored",122,4,0.08,8,3.15365129582991
"Runs Scored",123,5,0.08,8,3.15265865379335
"Runs Scored",124,6,0.08,8,3.15159026573254
"Runs Scored",125,7,0.08,8,3.15529355643136
"Runs Scored",126,3,0.01,10,3.15465378505631
"Runs Scored",127,4,0.01,10,3.15486133140331
"Runs Scored",128,5,0.01,10,3.1547852464228
"Runs Scored",129,6,0.01,10,3.15401746687499
"Runs Scored",130,7,0.01,10,3.15329924557732
"Runs Scored",131,3,0.02,10,3.15441755777267
"Runs Scored",132,4,0.02,10,3.15436986958381
"Runs Scored",133,5,0.02,10,3.15337823446582
"Runs Scored",134,6,0.02,10,3.15365724966362
"Runs Scored",135,7,0.02,10,3.15559915909056
"Runs Scored",136,3,0.03,10,3.15438687679551
"Runs Scored",137,4,0.03,10,3.15449634716163
"Runs Scored",138,5,0.03,10,3.15407753022265
"Runs Scored",139,6,0.03,10,3.15279415366465
"Runs Scored",140,7,0.03,10,3.15407807263232
"Runs Scored",141,3,0.05,10,3.15291161756653
"Runs Scored",142,4,0.05,10,3.1549602662499
"Runs Scored",143,5,0.05,10,3.15405762913167
"Runs Scored",144,6,0.05,10,3.15315760762474
"Runs Scored",145,7,0.05,10,3.15343483061183
"Runs Scored",146,3,0.08,10,3.1530928667741
"Runs Scored",147,4,0.08,10,3.1552439876313
"Runs Scored",148,5,0.08,10,3.15268456488946
"Runs Scored",149,6,0.08,10,3.15274217616788
"Runs Scored",150,7,0.08,10,3.15708009377043
"Runs Scored",151,3,0.01,15,3.15452491535283
"Runs Scored",152,4,0.01,15,3.15408215255316
"Runs Scored",153,5,0.01,15,3.1546663162085
"Runs Scored",154,6,0.01,15,3.15408105301023
"Runs Scored",155,7,0.01,15,3.15308387574843
"Runs Scored",156,3,0.02,15,3.15410970012769
"Runs Scored",157,4,0.02,15,3.15510045166764
"Runs Scored",158,5,0.02,15,3.15433196588503
"Runs Scored",159,6,0.02,15,3.15261779709468
"Runs Scored",160,7,0.02,15,3.15575768213416
"Runs Scored",161,3,0.03,15,3.15405621451953
"Runs Scored",162,4,0.03,15,3.15497728259972
"Runs Scored",163,5,0.03,15,3.1540978571785
"Runs Scored",164,6,0.03,15,3.1542264089949
"Runs Scored",165,7,0.03,15,3.15444047415469
"Runs Scored",166,3,0.05,15,3.15462781193877
"Runs Scored",167,4,0.05,15,3.15228513479199
"Runs Scored",168,5,0.05,15,3.15327812150965
"Runs Scored",169,6,0.05,15,3.15272593123888
"Runs Scored",170,7,0.05,15,3.15379193889399
"Runs Scored",171,3,0.08,15,3.1548975499777
"Runs Scored",172,4,0.08,15,3.15499575911444
"Runs Scored",173,5,0.08,15,3.15355328313585
"Runs Scored",174,6,0.08,15,3.15206885220299
"Runs Scored",175,7,0.08,15,3.15650164697162
"Runs Allowed",1,3,0.01,1,3.15512008289263
"Runs Allowed",2,4,0.01,1,3.15540105001666
"Runs Allowed",3,5,0.01,1,3.15431864639201
"Runs Allowed",4,6,0.01,1,3.15378384775552
"Runs Allowed",5,7,0.01,1,3.15462114954453
"Runs Allowed",6,3,0.02,1,3.15505279139442
"Runs Allowed",7,4,0.02,1,3.15472829599085
"Runs Allowed",8,5,0.02,1,3.15527671726136
"Runs Allowed",9,6,0.02,1,3.1554742511126
"Runs Allowed",10,7,0.02,1,3.15393085349042
"Runs Allowed",11,3,0.03,1,3.15486671599297
"Runs Allowed",12,4,0.03,1,3.15426446387913
"Runs Allowed",13,5,0.03,1,3.15552770468704
"Runs Allowed",14,6,0.03,1,3.15511332092423
"Runs Allowed",15,7,0.03,1,3.15276663160845
"Runs Allowed",16,3,0.05,1,3.15482204595889
"Runs Allowed",17,4,0.05,1,3.15403745243845
"Runs Allowed",18,5,0.05,1,3.15619515275844
"Runs Allowed",19,6,0.05,1,3.15456163666995
"Runs Allowed",20,7,0.05,1,3.15570577374478
"Runs Allowed",21,3,0.08,1,3.15406378793956
"Runs Allowed",22,4,0.08,1,3.15402200439232
"Runs Allowed",23,5,0.08,1,3.15495048790883
"Runs Allowed",24,6,0.08,1,3.15492061629927
"Runs Allowed",25,7,0.08,1,3.1557649328223
"Runs Allowed",26,3,0.01,2,3.15497069287468
"Runs Allowed",27,4,0.01,2,3.15466442715938
"Runs Allowed",28,5,0.01,2,3.15513515214496
"Runs Allowed",29,6,0.01,2,3.15328834287486
"Runs Allowed",30,7,0.01,2,3.154706300243
"Runs Allowed",31,3,0.02,2,3.1546362391159
"Runs Allowed",32,4,0.02,2,3.15519191634024
"Runs Allowed",33,5,0.02,2,3.15483466156395
"Runs Allowed",34,6,0.02,2,3.1549786288498
"Runs Allowed",35,7,0.02,2,3.15343268288599
"Runs Allowed",36,3,0.03,2,3.15492271338431
"Runs Allowed",37,4,0.03,2,3.15435922169409
"Runs Allowed",38,5,0.03,2,3.15350218326609
"Runs Allowed",39,6,0.03,2,3.15417451383805
"Runs Allowed",40,7,0.03,2,3.15594756384727
"Runs Allowed",41,3,0.05,2,3.15436725089716
"Runs Allowed",42,4,0.05,2,3.15472337984855
"Runs Allowed",43,5,0.05,2,3.15456490755255
"Runs Allowed",44,6,0.05,2,3.15478136491287
"Runs Allowed",45,7,0.05,2,3.15508181227012
"Runs Allowed",46,3,0.08,2,3.15390204595493
"Runs Allowed",47,4,0.08,2,3.15405549212356
"Runs Allowed",48,5,0.08,2,3.15432960549756
"Runs Allowed",49,6,0.08,2,3.15495343653227
"Runs Allowed",50,7,0.08,2,3.15560218326348
"Runs Allowed",51,3,0.01,3,3.15511506048648
"Runs Allowed",52,4,0.01,3,3.15473672130736
"Runs Allowed",53,5,0.01,3,3.15479815871066
"Runs Allowed",54,6,0.01,3,3.15425492280104
"Runs Allowed",55,7,0.01,3,3.15387400197369
"Runs Allowed",56,3,0.02,3,3.15501150890886
"Runs Allowed",57,4,0.02,3,3.15496738476716
"Runs Allowed",58,5,0.02,3,3.15371698695818
"Runs Allowed",59,6,0.02,3,3.15467603652396
"Runs Allowed",60,7,0.02,3,3.15411938104438
"Runs Allowed",61,3,0.03,3,3.154045678651
"Runs Allowed",62,4,0.03,3,3.15464202456507
"Runs Allowed",63,5,0.03,3,3.15537994624066
"Runs Allowed",64,6,0.03,3,3.15448830631708
"Runs Allowed",65,7,0.03,3,3.15444308305363
"Runs Allowed",66,3,0.05,3,3.15433663001874
"Runs Allowed",67,4,0.05,3,3.15491070732863
"Runs Allowed",68,5,0.05,3,3.15487822153663
"Runs Allowed",69,6,0.05,3,3.15464845407766
"Runs Allowed",70,7,0.05,3,3.15492484470505
"Runs Allowed",71,3,0.08,3,3.15499668779887
"Runs Allowed",72,4,0.08,3,3.15214309657504
"Runs Allowed",73,5,0.08,3,3.15405254020204
"Runs Allowed",74,6,0.08,3,3.15627444284075
"Runs Allowed",75,7,0.08,3,3.15580915824364
"Runs Allowed",76,3,0.01,5,3.15494767494866
"Runs Allowed",77,4,0.01,5,3.15537989565663
"Runs Allowed",78,5,0.01,5,3.15454456937632
"Runs Allowed",79,6,0.01,5,3.15477414272071
"Runs Allowed",80,7,0.01,5,3.15447621960001
"Runs Allowed",81,3,0.02,5,3.15435276992429
"Runs Allowed",82,4,0.02,5,3.15438044677289
"Runs Allowed",83,5,0.02,5,3.15477082734039
"Runs Allowed",84,6,0.02,5,3.15387544262789
"Runs Allowed",85,7,0.02,5,3.15420200419493
"Runs Allowed",86,3,0.03,5,3.15419243529927
"Runs Allowed",87,4,0.03,5,3.15468674288121
"Runs Allowed",88,5,0.03,5,3.15470169746729
"Runs Allowed",89,6,0.03,5,3.15562267940357
"Runs Allowed",90,7,0.03,5,3.1542691030604
"Runs Allowed",91,3,0.05,5,3.15463449649764
"Runs Allowed",92,4,0.05,5,3.15333174741283
"Runs Allowed",93,5,0.05,5,3.1543111102065
"Runs Allowed",94,6,0.05,5,3.15575202355163
"Runs Allowed",95,7,0.05,5,3.15393417867392
"Runs Allowed",96,3,0.08,5,3.15314649334112
"Runs Allowed",97,4,0.08,5,3.15529040657086
"Runs Allowed",98,5,0.08,5,3.15344431303195
"Runs Allowed",99,6,0.08,5,3.15582339951482
"Runs Allowed",100,7,0.08,5,3.15526740318118
"Runs Allowed",101,3,0.01,8,3.15514341711399
"Runs Allowed",102,4,0.01,8,3.15467636914598
"Runs Allowed",103,5,0.01,8,3.1543456729571
"Runs Allowed",104,6,0.01,8,3.15469392915109
"Runs Allowed",105,7,0.01,8,3.15377702049458
"Runs Allowed",106,3,0.02,8,3.1545988091417
"Runs Allowed",107,4,0.02,8,3.15506153871601
"Runs Allowed",108,5,0.02,8,3.15458235489868
"Runs Allowed",109,6,0.02,8,3.15461236968283
"Runs Allowed",110,7,0.02,8,3.15250346174327
"Runs Allowed",111,3,0.03,8,3.15388208664336
"Runs Allowed",112,4,0.03,8,3.15450097936597
"Runs Allowed",113,5,0.03,8,3.15484836516287
"Runs Allowed",114,6,0.03,8,3.15562923476943
"Runs Allowed",115,7,0.03,8,3.15318772123192
"Runs Allowed",116,3,0.05,8,3.15328608115195
"Runs Allowed",117,4,0.05,8,3.15545658113023
"Runs Allowed",118,5,0.05,8,3.15394439506187
"Runs Allowed",119,6,0.05,8,3.15436832465757
"Runs Allowed",120,7,0.05,8,3.15343986958871
"Runs Allowed",121,3,0.08,8,3.15375958590392
"Runs Allowed",122,4,0.08,8,3.15495045546704
"Runs Allowed",123,5,0.08,8,3.15265415737143
"Runs Allowed",124,6,0.08,8,3.15464704443648
"Runs Allowed",125,7,0.08,8,3.15642342225768
"Runs Allowed",126,3,0.01,10,3.15479496863563
"Runs Allowed",127,4,0.01,10,3.15538544889914
"Runs Allowed",128,5,0.01,10,3.15473533512572
"Runs Allowed",129,6,0.01,10,3.15434085752524
"Runs Allowed",130,7,0.01,10,3.15413739974144
"Runs Allowed",131,3,0.02,10,3.15494787210271
"Runs Allowed",132,4,0.02,10,3.15502763779615
"Runs Allowed",133,5,0.02,10,3.15432150885134
"Runs Allowed",134,6,0.02,10,3.15464609238862
"Runs Allowed",135,7,0.02,10,3.15365517575079
"Runs Allowed",136,3,0.03,10,3.15384333289116
"Runs Allowed",137,4,0.03,10,3.1545618758743
"Runs Allowed",138,5,0.03,10,3.1553092328354
"Runs Allowed",139,6,0.03,10,3.15502762153299
"Runs Allowed",140,7,0.03,10,3.15423669307852
"Runs Allowed",141,3,0.05,10,3.15326394148771
"Runs Allowed",142,4,0.05,10,3.15546503368087
"Runs Allowed",143,5,0.05,10,3.1557876489513
"Runs Allowed",144,6,0.05,10,3.15556842653752
"Runs Allowed",145,7,0.05,10,3.15237540685953
"Runs Allowed",146,3,0.08,10,3.15404942646788
"Runs Allowed",147,4,0.08,10,3.15517739151094
"Runs Allowed",148,5,0.08,10,3.154545622228
"Runs Allowed",149,6,0.08,10,3.15513517830358
"Runs Allowed",150,7,0.08,10,3.15292438637272
"Runs Allowed",151,3,0.01,15,3.15465972473709
"Runs Allowed",152,4,0.01,15,3.15462721788135
"Runs Allowed",153,5,0.01,15,3.15449715162623
"Runs Allowed",154,6,0.01,15,3.15417997109626
"Runs Allowed",155,7,0.01,15,3.15490869439549
"Runs Allowed",156,3,0.02,15,3.15536340689387
"Runs Allowed",157,4,0.02,15,3.1550903080698
"Runs Allowed",158,5,0.02,15,3.15447102600313
"Runs Allowed",159,6,0.02,15,3.15511457660056
"Runs Allowed",160,7,0.02,15,3.15265360981086
"Runs Allowed",161,3,0.03,15,3.1556240030519
"Runs Allowed",162,4,0.03,15,3.15461349260245
"Runs Allowed",163,5,0.03,15,3.15563278541083
"Runs Allowed",164,6,0.03,15,3.15470636383209
"Runs Allowed",165,7,0.03,15,3.15378819958641
"Runs Allowed",166,3,0.05,15,3.15404044626251
"Runs Allowed",167,4,0.05,15,3.15496300478528
"Runs Allowed",168,5,0.05,15,3.15358526956167
"Runs Allowed",169,6,0.05,15,3.15485919396473
"Runs Allowed",170,7,0.05,15,3.15374538860285
"Runs Allowed",171,3,0.08,15,3.15291983314269
"Runs Allowed",172,4,0.08,15,3.15435613596971
"Runs Allowed",173,5,0.08,15,3.15513361906052
"Runs Allowed",174,6,0.08,15,3.15407101474835
"Runs Allowed",175,7,0.08,15,3.15525105424931
"Win/Loss",1,3,0.01,1,0.573609767251873
"Win/Loss",2,4,0.01,1,0.577238040332398
"Win/Loss",3,5,0.01,1,0.574465526576768
"Win/Loss",4,6,0.01,1,0.575966282502329
"Win/Loss",5,7,0.01,1,0.575120862331001
"Win/Loss",6,3,0.02,1,0.579509543787935
"Win/Loss",7,4,0.02,1,0.580671484898513
"Win/Loss",8,5,0.02,1,0.580684493229886
"Win/Loss",9,6,0.02,1,0.576411464908271
"Win/Loss",10,7,0.02,1,0.579927816034342
"Win/Loss",11,3,0.03,1,0.576807467741339
"Win/Loss",12,4,0.03,1,0.579785186695035
"Win/Loss",13,5,0.03,1,0.576531291389208
"Win/Loss",14,6,0.03,1,0.573070403218526
"Win/Loss",15,7,0.03,1,0.570535108656187
"Win/Loss",16,3,0.05,1,0.577984993441548
"Win/Loss",17,4,0.05,1,0.577860935190961
"Win/Loss",18,5,0.05,1,0.576960412951036
"Win/Loss",19,6,0.05,1,0.568764146835879
"Win/Loss",20,7,0.05,1,0.572633511546753
"Win/Loss",21,3,0.08,1,0.57122865246053
"Win/Loss",22,4,0.08,1,0.574641443151106
"Win/Loss",23,5,0.08,1,0.568215512147495
"Win/Loss",24,6,0.08,1,0.578439348467662
"Win/Loss",25,7,0.08,1,0.571990575092139
"Win/Loss",26,3,0.01,2,0.572646733098323
"Win/Loss",27,4,0.01,2,0.575913858809625
"Win/Loss",28,5,0.01,2,0.576420802411994
"Win/Loss",29,6,0.01,2,0.580293252738748
"Win/Loss",30,7,0.01,2,0.577436650003585
"Win/Loss",31,3,0.02,2,0.573813703981268
"Win/Loss",32,4,0.02,2,0.577295933518719
"Win/Loss",33,5,0.02,2,0.580254668912523
"Win/Loss",34,6,0.02,2,0.577550601177028
"Win/Loss",35,7,0.02,2,0.574506020813932
"Win/Loss",36,3,0.03,2,0.574775310732947
"Win/Loss",37,4,0.03,2,0.577246481520847
"Win/Loss",38,5,0.03,2,0.574019986071717
"Win/Loss",39,6,0.03,2,0.572566248750429
"Win/Loss",40,7,0.03,2,0.570654987525737
"Win/Loss",41,3,0.05,2,0.577487400592958
"Win/Loss",42,4,0.05,2,0.579837715293058
"Win/Loss",43,5,0.05,2,0.578812888296851
"Win/Loss",44,6,0.05,2,0.580663061387072
"Win/Loss",45,7,0.05,2,0.573051171513671
"Win/Loss",46,3,0.08,2,0.572918790507702
"Win/Loss",47,4,0.08,2,0.574622139022196
"Win/Loss",48,5,0.08,2,0.579681323742513
"Win/Loss",49,6,0.08,2,0.574596467015878
"Win/Loss",50,7,0.08,2,0.569908337768647
"Win/Loss",51,3,0.01,3,0.578726112922555
"Win/Loss",52,4,0.01,3,0.572274493039852
"Win/Loss",53,5,0.01,3,0.577846174921799
"Win/Loss",54,6,0.01,3,0.573042730325222
"Win/Loss",55,7,0.01,3,0.565927827891377
"Win/Loss",56,3,0.02,3,0.579679729473639
"Win/Loss",57,4,0.02,3,0.580615440161448
"Win/Loss",58,5,0.02,3,0.576603522158039
"Win/Loss",59,6,0.02,3,0.575613505045916
"Win/Loss",60,7,0.02,3,0.574843294123639
"Win/Loss",61,3,0.03,3,0.578180285764618
"Win/Loss",62,4,0.03,3,0.575460928741881
"Win/Loss",63,5,0.03,3,0.576637879070817
"Win/Loss",64,6,0.03,3,0.573213076123343
"Win/Loss",65,7,0.03,3,0.573386765684627
"Win/Loss",66,3,0.05,3,0.581353056946092
"Win/Loss",67,4,0.05,3,0.579869293351576
"Win/Loss",68,5,0.05,3,0.573615172340305
"Win/Loss",69,6,0.05,3,0.5729141165733
"Win/Loss",70,7,0.05,3,0.57296532456093
"Win/Loss",71,3,0.08,3,0.584871295659976
"Win/Loss",72,4,0.08,3,0.575290434932982
"Win/Loss",73,5,0.08,3,0.571052839612294
"Win/Loss",74,6,0.08,3,0.570375992376554
"Win/Loss",75,7,0.08,3,0.574313506165906
"Win/Loss",76,3,0.01,5,0.576975458520268
"Win/Loss",77,4,0.01,5,0.578746475087623
"Win/Loss",78,5,0.01,5,0.571234101114472
"Win/Loss",79,6,0.01,5,0.572941368419219
"Win/Loss",80,7,0.01,5,0.568130931679974
"Win/Loss",81,3,0.02,5,0.582385154170401
"Win/Loss",82,4,0.02,5,0.576336243588382
"Win/Loss",83,5,0.02,5,0.580625615610679
"Win/Loss",84,6,0.02,5,0.573639579844853
"Win/Loss",85,7,0.02,5,0.578636599194132
"Win/Loss",86,3,0.03,5,0.581134067432828
"Win/Loss",87,4,0.03,5,0.578464735173911
"Win/Loss",88,5,0.03,5,0.576265196043361
"Win/Loss",89,6,0.03,5,0.573343695533385
"Win/Loss",90,7,0.03,5,0.570499620103978
"Win/Loss",91,3,0.05,5,0.576369906599528
"Win/Loss",92,4,0.05,5,0.577512942984672
"Win/Loss",93,5,0.05,5,0.573441922500271
"Win/Loss",94,6,0.05,5,0.571038839633398
"Win/Loss",95,7,0.05,5,0.570398569108855
"Win/Loss",96,3,0.08,5,0.58333452857453
"Win/Loss",97,4,0.08,5,0.576435098872497
"Win/Loss",98,5,0.08,5,0.576897490452399
"Win/Loss",99,6,0.08,5,0.571193067396856
"Win/Loss",100,7,0.08,5,0.574956976869785
"Win/Loss",101,3,0.01,8,0.57975737498904
"Win/Loss",102,4,0.01,8,0.576509773497299
"Win/Loss",103,5,0.01,8,0.577596374135755
"Win/Loss",104,6,0.01,8,0.580256262377163
"Win/Loss",105,7,0.01,8,0.573685049729213
"Win/Loss",106,3,0.02,8,0.578185447135039
"Win/Loss",107,4,0.02,8,0.581164994073299
"Win/Loss",108,5,0.02,8,0.576474214504486
"Win/Loss",109,6,0.02,8,0.575857493503542
"Win/Loss",110,7,0.02,8,0.572908553815953
"Win/Loss",111,3,0.03,8,0.582321118428507
"Win/Loss",112,4,0.03,8,0.578948580240537
"Win/Loss",113,5,0.03,8,0.577322213377574
"Win/Loss",114,6,0.03,8,0.579877882550803
"Win/Loss",115,7,0.03,8,0.571636575895233
"Win/Loss",116,3,0.05,8,0.577383094671451
"Win/Loss",117,4,0.05,8,0.576764388392011
"Win/Loss",118,5,0.05,8,0.574064665725339
"Win/Loss",119,6,0.05,8,0.574899077273062
"Win/Loss",120,7,0.05,8,0.570502365672741
"Win/Loss",121,3,0.08,8,0.573948746950408
"Win/Loss",122,4,0.08,8,0.577807667142346
"Win/Loss",123,5,0.08,8,0.572035467161724
"Win/Loss",124,6,0.08,8,0.573307009328094
"Win/Loss",125,7,0.08,8,0.572676219171934
"Win/Loss",126,3,0.01,10,0.578824578001282
"Win/Loss",127,4,0.01,10,0.57355635271588
"Win/Loss",128,5,0.01,10,0.576708311548665
"Win/Loss",129,6,0.01,10,0.573207014385679
"Win/Loss",130,7,0.01,10,0.577095487039864
"Win/Loss",131,3,0.02,10,0.577877647453122
"Win/Loss",132,4,0.02,10,0.574668932304633
"Win/Loss",133,5,0.02,10,0.579415410152992
"Win/Loss",134,6,0.02,10,0.575480098485051
"Win/Loss",135,7,0.02,10,0.569922844661662
"Win/Loss",136,3,0.03,10,0.573813689551996
"Win/Loss",137,4,0.03,10,0.576926922498128
"Win/Loss",138,5,0.03,10,0.57537288409468
"Win/Loss",139,6,0.03,10,0.571587941378178
"Win/Loss",140,7,0.03,10,0.580805602233783
"Win/Loss",141,3,0.05,10,0.577275873066443
"Win/Loss",142,4,0.05,10,0.575830808205792
"Win/Loss",143,5,0.05,10,0.575920471209277
"Win/Loss",144,6,0.05,10,0.573120835222331
"Win/Loss",145,7,0.05,10,0.573145167140157
"Win/Loss",146,3,0.08,10,0.573983086990412
"Win/Loss",147,4,0.08,10,0.574887001790195
"Win/Loss",148,5,0.08,10,0.574492882953023
"Win/Loss",149,6,0.08,10,0.574913368502378
"Win/Loss",150,7,0.08,10,0.57081860493464
"Win/Loss",151,3,0.01,15,0.580901806392082
"Win/Loss",152,4,0.01,15,0.577942978538782
"Win/Loss",153,5,0.01,15,0.575323721363779
"Win/Loss",154,6,0.01,15,0.574530405495355
"Win/Loss",155,7,0.01,15,0.574011928678254
"Win/Loss",156,3,0.02,15,0.579937827404255
"Win/Loss",157,4,0.02,15,0.581847592854989
"Win/Loss",158,5,0.02,15,0.576149030302685
"Win/Loss",159,6,0.02,15,0.575584720548623
"Win/Loss",160,7,0.02,15,0.57303072528296
"Win/Loss",161,3,0.03,15,0.578906041550877
"Win/Loss",162,4,0.03,15,0.576447389214828
"Win/Loss",163,5,0.03,15,0.576410614516941
"Win/Loss",164,6,0.03,15,0.572839023688798
"Win/Loss",165,7,0.03,15,0.57338365480212
"Win/Loss",166,3,0.05,15,0.576283274464875
"Win/Loss",167,4,0.05,15,0.575171392025489
"Win/Loss",168,5,0.05,15,0.580075274533466
"Win/Loss",169,6,0.05,15,0.579527246433334
"Win/Loss",170,7,0.05,15,0.570402619679521
"Win/Loss",171,3,0.08,15,0.57767354862786
"Win/Loss",172,4,0.08,15,0.574716658435576
"Win/Loss",173,5,0.08,15,0.578248955842304
"Win/Loss",174,6,0.08,15,0.572276400663107
"Win/Loss",175,7,0.08,15,0.567992510580248
