"Team","games_played","actual_wins","actual_losses","actual_win_pct","actual_rs_total","actual_ra_total","actual_rs_per_game","actual_ra_per_game","actual_run_diff","proj_wins","proj_losses","proj_win_pct","proj_rs_total","proj_ra_total","proj_rs_per_game","proj_ra_per_game","proj_run_diff","proj_wins_rd","proj_win_pct_rd","impact_wins","impact_wins_rd","impact_win_pct","impact_win_pct_rd","impact_rs_total","impact_ra_total","impact_rs_per_game","impact_ra_per_game","impact_run_diff","proj_wins_sd","proj_wins_ci90_lo","proj_wins_ci90_hi","proj_wins_ci95_lo","proj_wins_ci95_hi","proj_wins_ci99_lo","proj_wins_ci99_hi","proj_wins_ci_lo","proj_wins_ci_hi","rs_ci_margin_90","rs_ci_margin_95","rs_ci_margin_99","proj_rs_pg_ci_lo","proj_rs_pg_ci_hi","ra_ci_margin_90","ra_ci_margin_95","ra_ci_margin_99","proj_ra_pg_ci_lo","proj_ra_pg_ci_hi","rs_pi_margin","ra_pi_margin","wins_se","rs_se","ra_se","wins_stars","rs_stars","ra_stars","pyth_proj_win_pct","pyth_vs_model_gap"
"SDP",49,33,16,0.673,249,192,5.08,3.92,57,25,24,0.51,214.2,220,4.37,4.49,-5.8,22,0.449,8,11,0.163,0.224,34.8,-28,0.71,-0.57,62.8,3.48,19,31,18,32,16,34,19,31,0.75,0.9,1.18,3.62,5.12,0.75,0.9,1.18,3.74,5.24,6.28,6.29,3.48,0.455927051671733,0.455927051671733,"*","***","***",0.488,0.022
"MIL",50,34,16,0.68,274,194,5.48,3.88,80,29,21,0.58,251.6,202.9,5.03,4.06,48.7,46,0.92,5,-12,0.1,-0.24,22.4,-8.9,0.45,-0.18,31.3,3.46,23,35,22,36,20,38,23,35,0.75,0.89,1.17,4.28,5.78,0.75,0.89,1.17,3.31,4.81,6.28,6.29,3.46,0.455927051671733,0.455927051671733,"***","***","***",0.597,-0.017
"NYM",49,27,22,0.551,242,216,4.94,4.41,26,22,27,0.449,205.2,225.2,4.19,4.6,-20,11,0.224,5,16,0.102,0.327,36.8,-9.2,0.75,-0.19,46,3.47,16,28,15,29,13,31,16,28,0.75,0.9,1.18,3.44,4.94,0.75,0.9,1.18,3.85,5.35,6.28,6.29,3.47,0.455927051671733,0.455927051671733,"***","***","***",0.457,-0.008
"TBR",50,32,18,0.64,239,188,4.78,3.76,51,28,22,0.56,228.6,198.2,4.57,3.96,30.4,43,0.86,4,-11,0.08,-0.22,10.4,-10.2,0.21,-0.2,20.6,3.49,22,34,21,35,19,37,22,34,0.75,0.89,1.17,3.82,5.32,0.75,0.89,1.17,3.21,4.71,6.28,6.29,3.49,0.455927051671733,0.455927051671733,"***","***","***",0.565,-0.005
"TOR",49,26,23,0.531,206,196,4.2,4,10,22,27,0.449,205.7,219.3,4.2,4.48,-13.6,20,0.408,4,6,0.082,0.123,0.3,-23.3,0,-0.48,23.6,3.47,16,28,15,29,13,31,16,28,0.75,0.9,1.18,3.45,4.95,0.75,0.9,1.18,3.73,5.23,6.28,6.29,3.47,0.455927051671733,0.455927051671733,"***","***","***",0.471,-0.022
"NYY",48,30,18,0.625,220,163,4.58,3.4,57,27,21,0.562,225.7,186.6,4.7,3.89,39.1,45,0.938,3,-15,0.063,-0.313,-5.7,-23.6,-0.12,-0.49,17.9,3.41,21,33,20,34,18,36,21,33,0.76,0.91,1.19,3.94,5.46,0.76,0.91,1.19,3.13,4.65,6.28,6.29,3.41,0.462006079027356,0.462006079027356,"***","***","***",0.586,-0.024
"PHI",49,28,21,0.571,217,201,4.43,4.1,16,25,24,0.51,218.9,211.4,4.47,4.31,7.5,33,0.673,3,-5,0.061,-0.102,-1.9,-10.4,-0.04,-0.21,8.5,3.48,19,31,18,32,16,34,19,31,0.75,0.9,1.18,3.72,5.22,0.75,0.9,1.18,3.56,5.06,6.28,6.29,3.48,0.455927051671733,0.455927051671733,"***","***","***",0.517,-0.007
"PIT",48,25,23,0.521,185,188,3.85,3.92,-3,22,26,0.458,225.7,230.8,4.7,4.81,-5.1,24,0.5,3,1,0.063,0.021,-40.7,-42.8,-0.85,-0.89,2.1,3.43,16,28,15,29,13,31,16,28,0.76,0.91,1.19,3.94,5.46,0.76,0.91,1.19,4.05,5.57,6.28,6.29,3.43,0.462006079027356,0.462006079027356,"***","**","**",0.489,-0.031
"BAL",49,25,24,0.51,211,197,4.31,4.02,14,23,26,0.469,216,222,4.41,4.53,-6,27,0.551,2,-2,0.041,-0.041,-5,-25,-0.1,-0.51,20,3.47,17,29,16,30,14,32,17,29,0.75,0.9,1.18,3.66,5.16,0.75,0.9,1.18,3.78,5.28,6.28,6.29,3.47,0.455927051671733,0.455927051671733,"***","***","***",0.488,-0.019
"CLE",49,28,21,0.571,232,205,4.73,4.18,27,26,23,0.531,219.2,191.1,4.47,3.9,28.1,49,1,2,-21,0.04,-0.429,12.8,13.9,0.26,0.28,-1.1,3.48,20,32,19,33,17,35,20,32,0.75,0.9,1.18,3.72,5.22,0.75,0.9,1.18,3.15,4.65,6.28,6.29,3.48,0.455927051671733,0.455927051671733,"***","***","***",0.562,-0.031
"KCR",49,23,26,0.469,223,234,4.55,4.78,-11,21,28,0.429,206.4,253.4,4.21,5.17,-47,0,0,2,23,0.04,0.469,16.6,-19.4,0.34,-0.39,36,3.44,15,27,14,28,12,30,15,27,0.75,0.9,1.18,3.46,4.96,0.75,0.9,1.18,4.42,5.92,6.28,6.29,3.44,0.455927051671733,0.455927051671733,"***","***","***",0.407,0.022
"LAD",49,31,18,0.633,224,168,4.57,3.43,56,29,20,0.592,255.4,194.2,5.21,3.96,61.2,49,1,2,-18,0.041,-0.367,-31.4,-26.2,-0.64,-0.53,-5.2,3.42,23,35,22,36,20,38,23,35,0.75,0.9,1.18,4.46,5.96,0.75,0.9,1.18,3.21,4.71,6.28,6.29,3.42,0.455927051671733,0.455927051671733,"***","***","***",0.623,-0.031
"TEX",49,25,24,0.51,207,213,4.22,4.35,-6,24,25,0.49,219.3,221.8,4.48,4.53,-2.5,30,0.612,1,-5,0.02,-0.102,-12.3,-8.8,-0.26,-0.18,-3.5,3.47,18,30,17,31,15,33,18,30,0.75,0.9,1.18,3.73,5.23,0.75,0.9,1.18,3.78,5.28,6.28,6.29,3.47,0.455927051671733,0.455927051671733,"***","***","***",0.495,-0.005
"ARI",49,26,23,0.531,226,223,4.61,4.55,3,26,23,0.531,227.2,212.9,4.64,4.34,14.3,34,0.694,0,-8,0,-0.163,-1.2,10.1,-0.03,0.21,-11.3,3.46,20,32,19,33,17,35,20,32,0.75,0.9,1.18,3.89,5.39,0.75,0.9,1.18,3.59,5.09,6.28,6.29,3.46,0.455927051671733,0.455927051671733,"***","***","***",0.531,0
"CIN",51,22,29,0.431,204,301,4,5.9,-97,22,29,0.431,211.6,250.9,4.15,4.92,-39.3,3,0.059,0,19,0,0.372,-7.6,50.1,-0.15,0.98,-57.7,3.51,16,28,15,29,13,31,16,28,0.74,0.88,1.16,3.41,4.89,0.74,0.88,1.16,4.18,5.66,6.28,6.29,3.51,0.449848024316109,0.449848024316109,"***","***","*",0.423,0.008
"HOU",48,23,25,0.479,205,208,4.27,4.33,-3,23,25,0.479,221.1,216.5,4.61,4.51,4.6,25,0.521,0,-2,0,-0.042,-16.1,-8.5,-0.34,-0.18,-7.6,3.44,17,29,16,30,14,32,17,29,0.76,0.91,1.19,3.85,5.37,0.76,0.91,1.19,3.75,5.27,6.28,6.29,3.44,0.462006079027356,0.462006079027356,"***","***","***",0.51,-0.031
"ATL",50,27,23,0.54,193,185,3.86,3.7,8,28,22,0.56,235.3,208.5,4.71,4.17,26.8,38,0.76,-1,-11,-0.02,-0.22,-42.3,-23.5,-0.85,-0.47,-18.8,3.49,22,34,21,35,19,37,22,34,0.75,0.89,1.17,3.96,5.46,0.75,0.89,1.17,3.42,4.92,6.28,6.29,3.49,0.455927051671733,0.455927051671733,"***","**","***",0.555,0.005
"WSN",48,22,26,0.458,211,218,4.4,4.54,-7,23,25,0.479,238.3,254.4,4.96,5.3,-16.1,19,0.396,-1,3,-0.021,0.062,-27.3,-36.4,-0.56,-0.76,9.1,3.44,17,29,16,30,14,32,17,29,0.76,0.91,1.19,4.2,5.72,0.76,0.91,1.19,4.54,6.06,6.28,6.29,3.44,0.462006079027356,0.462006079027356,"***","***","***",0.47,0.009
"BOS",51,27,24,0.529,215,197,4.22,3.86,18,29,22,0.569,231.1,202.7,4.53,3.97,28.4,44,0.863,-2,-17,-0.04,-0.334,-16.1,-5.7,-0.31,-0.11,-10.4,3.52,23,35,22,36,20,38,23,35,0.74,0.88,1.16,3.79,5.27,0.74,0.88,1.16,3.23,4.71,6.28,6.29,3.52,0.449848024316109,0.449848024316109,"***","***","***",0.56,0.009
"MIN",49,21,28,0.429,207,236,4.22,4.82,-29,23,26,0.469,219.3,239,4.48,4.88,-19.7,10,0.204,-2,11,-0.04,0.225,-12.3,-3,-0.26,-0.06,-9.3,3.47,17,29,16,30,14,32,17,29,0.75,0.9,1.18,3.73,5.23,0.75,0.9,1.18,4.13,5.63,6.28,6.29,3.47,0.455927051671733,0.455927051671733,"***","***","***",0.461,0.008
"CHC",49,25,24,0.51,270,217,5.51,4.43,53,28,21,0.571,246.4,199.8,5.03,4.08,46.6,49,1,-3,-24,-0.061,-0.49,23.6,17.2,0.48,0.35,6.4,3.45,22,34,21,35,19,37,22,34,0.75,0.9,1.18,4.28,5.78,0.75,0.9,1.18,3.33,4.83,6.28,6.29,3.45,0.455927051671733,0.455927051671733,"***","***","***",0.595,-0.024
"LAA",50,19,31,0.38,185,208,3.7,4.16,-23,22,28,0.44,214.8,237.9,4.3,4.76,-23.1,5,0.1,-3,14,-0.06,0.28,-29.8,-29.9,-0.6,-0.6,0.1,3.5,16,28,15,29,13,31,16,28,0.75,0.89,1.17,3.55,5.05,0.75,0.89,1.17,4.01,5.51,6.28,6.29,3.5,0.455927051671733,0.455927051671733,"***","***","***",0.454,-0.014
"MIA",49,22,27,0.449,219,229,4.47,4.67,-10,25,24,0.51,220.3,224.8,4.5,4.59,-4.5,22,0.449,-3,0,-0.061,0,-1.3,4.2,-0.03,0.08,-5.5,3.48,19,31,18,32,16,34,19,31,0.75,0.9,1.18,3.75,5.25,0.75,0.9,1.18,3.84,5.34,6.28,6.29,3.48,0.455927051671733,0.455927051671733,"***","***","***",0.491,0.019
"OAK",50,19,31,0.38,212,296,4.24,5.92,-84,22,28,0.44,219.3,257.1,4.39,5.14,-37.8,2,0.04,-3,17,-0.06,0.34,-7.3,38.9,-0.15,0.78,-46.2,3.5,16,28,15,29,13,31,16,28,0.75,0.89,1.17,3.64,5.14,0.75,0.89,1.17,4.39,5.89,6.28,6.29,3.5,0.455927051671733,0.455927051671733,"***","***","**",0.428,0.012
"STL",49,21,28,0.429,224,243,4.57,4.96,-19,24,25,0.49,213.6,238.8,4.36,4.87,-25.2,6,0.122,-3,15,-0.061,0.307,10.4,4.2,0.21,0.09,6.2,3.47,18,30,17,31,15,33,18,30,0.75,0.9,1.18,3.61,5.11,0.75,0.9,1.18,4.12,5.62,6.28,6.29,3.47,0.455927051671733,0.455927051671733,"***","***","***",0.45,0.04
"CHW",51,25,26,0.49,245,244,4.8,4.78,1,29,22,0.569,245.5,223.7,4.81,4.39,21.8,35,0.686,-4,-10,-0.079,-0.196,-0.5,20.3,-0.01,0.39,-20.8,3.53,23,35,22,36,20,38,23,35,0.74,0.88,1.16,4.07,5.55,0.74,0.88,1.16,3.65,5.13,6.28,6.29,3.53,0.449848024316109,0.449848024316109,"***","***","***",0.542,0.027
"SEA",49,21,28,0.429,210,271,4.29,5.53,-61,25,24,0.51,210.1,204.6,4.29,4.18,5.5,28,0.571,-4,-7,-0.081,-0.142,-0.1,66.4,0,1.35,-66.5,3.47,19,31,18,32,16,34,19,31,0.75,0.9,1.18,3.54,5.04,0.75,0.9,1.18,3.43,4.93,6.28,6.29,3.47,0.455927051671733,0.455927051671733,"***","***","",0.512,-0.002
"DET",50,22,28,0.44,218,210,4.36,4.2,8,27,23,0.54,235.4,216.9,4.71,4.34,18.5,37,0.74,-5,-15,-0.1,-0.3,-17.4,-6.9,-0.35,-0.14,-10.5,3.51,21,33,20,34,18,36,21,33,0.75,0.89,1.17,3.96,5.46,0.75,0.89,1.17,3.59,5.09,6.28,6.29,3.51,0.455927051671733,0.455927051671733,"***","***","***",0.537,0.003
"SFG",49,17,32,0.347,194,236,3.96,4.82,-42,22,27,0.449,211,225.8,4.31,4.61,-14.8,20,0.408,-5,-3,-0.102,-0.061,-17,10.2,-0.35,0.21,-27.2,3.46,16,28,15,29,13,31,16,28,0.75,0.9,1.18,3.56,5.06,0.75,0.9,1.18,3.86,5.36,6.28,6.29,3.46,0.455927051671733,0.455927051671733,"***","***","***",0.469,-0.02
"COL",49,13,36,0.265,205,295,4.18,6.02,-90,20,29,0.408,216.5,264.8,4.42,5.4,-48.3,0,0,-7,13,-0.143,0.265,-11.5,30.2,-0.24,0.62,-41.7,3.44,14,26,13,27,11,29,14,26,0.75,0.9,1.18,3.67,5.17,0.75,0.9,1.18,4.65,6.15,6.28,6.29,3.44,0.455927051671733,0.455927051671733,"*","***","***",0.409,-0.001
