"Team","proj_w","proj_l","League","Division","proj_status","act_w","act_l","act_status","diff","status_right","made_right"
"MIL",99,63,"NL","Central","Division Winner",103,59,"Division Winner",4,TRUE,TRUE
"LAD",98,64,"NL","West","Division Winner",100,62,"Division Winner",2,TRUE,TRUE
"ATL",95,67,"NL","East","Division Winner",94,68,"Division Winner",-1,TRUE,TRUE
"TBR",94,68,"AL","East","Division Winner",98,64,"Division Winner",4,TRUE,TRUE
"NYY",92,70,"AL","East","Wild Card",93,68,"Wild Card",1,TRUE,TRUE
"CHC",91,71,"NL","Central","Wild Card",89,73,"Wild Card",-2,TRUE,TRUE
"BOS",89,73,"AL","East","Wild Card",87,75,"Wild Card",-2,TRUE,TRUE
"CHW",88,74,"AL","Central","Division Winner",84,78,"Wild Card",-4,FALSE,TRUE
"ARI",86,76,"NL","West","Wild Card",86,76,"Missed Playoffs",0,FALSE,FALSE
"PHI",85,77,"NL","East","Wild Card",88,74,"Wild Card",3,TRUE,TRUE
"SDP",84,78,"NL","West","Missed Playoffs",91,71,"Wild Card",7,FALSE,FALSE
"CLE",83,79,"AL","Central","Wild Card",85,77,"Division Winner",2,FALSE,TRUE
"MIA",83,79,"NL","East","Missed Playoffs",80,82,"Missed Playoffs",-3,TRUE,TRUE
"HOU",82,80,"AL","West","Division Winner",81,81,"Division Winner",-1,TRUE,TRUE
"DET",81,81,"AL","Central","Missed Playoffs",76,86,"Missed Playoffs",-5,TRUE,TRUE
"SEA",80,82,"AL","West","Missed Playoffs",76,86,"Missed Playoffs",-4,TRUE,TRUE
"TEX",80,82,"AL","West","Missed Playoffs",80,82,"Missed Playoffs",0,TRUE,TRUE
"MIN",79,83,"AL","Central","Missed Playoffs",77,85,"Missed Playoffs",-2,TRUE,TRUE
"STL",79,83,"NL","Central","Missed Playoffs",77,85,"Missed Playoffs",-2,TRUE,TRUE
"WSN",79,83,"NL","East","Missed Playoffs",77,85,"Missed Playoffs",-2,TRUE,TRUE
"BAL",78,84,"AL","East","Missed Playoffs",79,82,"Missed Playoffs",1,TRUE,TRUE
"PIT",78,84,"NL","Central","Missed Playoffs",82,80,"Missed Playoffs",4,TRUE,TRUE
"CIN",75,87,"NL","Central","Missed Playoffs",75,87,"Missed Playoffs",0,TRUE,TRUE
"TOR",75,87,"AL","East","Missed Playoffs",79,83,"Missed Playoffs",4,TRUE,TRUE
"NYM",69,93,"NL","East","Missed Playoffs",74,88,"Missed Playoffs",5,TRUE,TRUE
"SFG",69,93,"NL","West","Missed Playoffs",65,97,"Missed Playoffs",-4,TRUE,TRUE
"KCR",67,95,"AL","Central","Missed Playoffs",69,93,"Missed Playoffs",2,TRUE,TRUE
"OAK",67,95,"AL","West","Missed Playoffs",64,98,"Missed Playoffs",-3,TRUE,TRUE
"COL",66,96,"NL","West","Missed Playoffs",58,104,"Missed Playoffs",-8,TRUE,TRUE
"LAA",65,97,"AL","West","Missed Playoffs",62,100,"Missed Playoffs",-3,TRUE,TRUE
