"Team","remaining_games","proj_wins_remaining","proj_rs_remaining","proj_ra_remaining","proj_wins_remaining_sd","actual_games_first_half","actual_wins_first_half","actual_rs_total_first_half","actual_ra_total_first_half","pre_win_pct","proj_post_win_pct","win_pct_delta","proj_full_season_games","proj_full_season_wins","proj_full_season_losses","proj_full_season_win_pct","proj_full_season_rs_total","proj_full_season_ra_total","proj_full_season_run_diff","proj_full_season_wins_ci_lo","proj_full_season_wins_ci_hi"
"MIL",51,29.77948475477,256.820248189482,207.075321811194,3.49802662654884,111,69,555,420,0.622,0.584,-0.038,162,99,63,0.611,811.8,627.1,184.7,93,105
"LAD",50,29.327754331759,260.123846324835,198.638837664681,3.45968459915434,112,69,572,422,0.616,0.587,-0.029,162,98,64,0.605,832.1,620.6,211.5,92,104
"ATL",50,27.9737937297018,235.262866729712,208.526597181955,3.49305607677045,112,67,549,441,0.598,0.559,-0.039,162,95,67,0.586,784.3,649.5,134.8,89,101
"TBR",51,28.7378434184621,233.948378663521,202.242432019243,3.52306252750635,111,65,484,453,0.586,0.563,-0.023,162,94,68,0.58,717.9,655.2,62.7,88,100
"NYY",50,28.6240308609018,235.263632134833,194.20777312107,3.48500292116012,112,63,512,425,0.562,0.572,0.01,162,92,70,0.568,747.3,619.2,128.1,86,98
"CHC",50,28.0057815269251,250.758745587868,204.123701577025,3.48521366062496,112,63,570,481,0.562,0.56,-0.002,162,91,71,0.562,820.8,685.1,135.7,85,97
"BOS",51,29.0141779368973,231.125765527156,202.747672933576,3.51758917503437,111,60,474,414,0.541,0.569,0.028,162,89,73,0.549,705.1,616.7,88.4,83,95
"CHW",51,28.6139513017815,245.540209769723,223.727666065267,3.53010756043237,111,59,531,476,0.532,0.561,0.029,162,88,74,0.543,776.5,699.7,76.8,82,94
"ARI",50,26.8301349711499,231.754696091286,217.151347586204,3.49938797669387,112,59,508,506,0.527,0.537,0.01,162,86,76,0.531,739.8,723.2,16.6,80,92
"PHI",50,25.6548360806785,223.875798840954,215.865309178002,3.51346591397946,112,59,490,494,0.527,0.513,-0.014,162,85,77,0.525,713.9,709.9,4,79,91
"SDP",50,25.7864898088463,218.309945452515,224.398742200265,3.51364469937208,112,58,472,484,0.518,0.516,-0.002,162,84,78,0.519,690.3,708.4,-18.1,78,90
"CLE",49,26.0001982765829,219.165864647396,191.06159221405,3.4798135435304,113,57,446,462,0.504,0.531,0.027,162,83,79,0.512,665.2,653.1,12.1,77,89
"MIA",49,24.7249268521349,220.303002223309,224.773099931642,3.47652574565778,113,58,496,483,0.513,0.505,-0.008,162,83,79,0.512,716.3,707.8,8.5,77,89
"HOU",49,23.6627713464001,225.549771604548,220.693320265715,3.47638920604754,113,58,528,555,0.513,0.483,-0.03,162,82,80,0.506,753.5,775.7,-22.2,76,88
"DET",50,27.2518687541147,235.447945975522,216.914472167842,3.50540926373153,112,54,505,442,0.482,0.545,0.063,162,81,81,0.5,740.4,658.9,81.5,75,87
"SEA",49,25.1152022366594,210.142902475261,204.610377444962,3.46592996250708,113,55,454,451,0.487,0.513,0.026,162,80,82,0.494,664.1,655.6,8.5,74,86
"TEX",50,24.8141385828992,223.718568628428,226.214400944899,3.51021363935672,112,55,465,501,0.491,0.496,0.005,162,80,82,0.494,688.7,727.2,-38.5,74,86
"MIN",49,22.754311463939,219.308986855027,238.990318777087,3.46791061758795,113,56,532,561,0.496,0.464,-0.032,162,79,83,0.488,751.3,800,-48.7,73,85
"STL",50,24.3497403820602,217.216565671806,243.683612885432,3.50922520286065,112,55,483,499,0.491,0.487,-0.004,162,79,83,0.488,700.2,742.7,-42.5,73,85
"WSN",49,23.7240127573468,242.918196798432,259.410161831326,3.47891013169292,113,55,607,591,0.487,0.484,-0.003,162,79,83,0.488,849.9,850.4,-0.5,73,85
"BAL",50,23.7855781206496,219.67225326953,226.589922297045,3.50503599831425,112,54,507,542,0.482,0.476,-0.006,162,78,84,0.481,726.7,768.6,-41.9,72,84
"PIT",49,22.4544607354722,230.02457712949,235.874893304525,3.46279546088037,113,56,578,548,0.496,0.458,-0.038,162,78,84,0.481,808,783.9,24.1,72,84
"CIN",51,21.5999797428692,211.621893513868,250.874997374801,3.50970603342558,111,53,462,525,0.477,0.424,-0.053,162,75,87,0.463,673.6,775.9,-102.3,69,81
"TOR",50,22.7513706046794,210.186776707635,223.870673229751,3.50214719623586,112,52,439,497,0.464,0.455,-0.009,162,75,87,0.463,649.2,720.9,-71.7,69,81
"NYM",49,22.12733832808,205.18837636181,225.181264842585,3.47049663906754,113,47,457,515,0.416,0.452,0.036,162,69,93,0.426,662.2,740.2,-78,63,75
"SFG",50,22.2478583684837,215.446610181265,230.192109613949,3.49954863244006,112,47,470,523,0.42,0.445,0.025,162,69,93,0.426,685.4,753.2,-67.8,63,75
"KCR",49,20.8140859313848,206.41112117687,253.434745179291,3.44048613083454,113,46,467,576,0.407,0.425,0.018,162,67,95,0.414,673.4,829.4,-156,61,73
"OAK",50,22.4675400831883,219.326030981593,257.082050452001,3.50237733684591,112,45,487,641,0.402,0.449,0.047,162,67,95,0.414,706.3,898.1,-191.8,61,73
"COL",50,20.5982524573914,220.492930519543,270.016649228956,3.47065715139914,112,45,538,636,0.402,0.412,0.01,162,66,96,0.407,758.5,906,-147.5,60,72
"LAA",50,21.8315210607918,214.785399821739,237.881963547677,3.49712044583759,112,43,470,544,0.384,0.437,0.053,162,65,97,0.401,684.8,781.9,-97.1,59,71
